thread,exec_time,allocator
2,12.362024,nvm
4,6.738171,nvm
6,4.508635,nvm
8,3.393680,nvm
10,2.735228,nvm
12,2.666021,nvm
14,2.325391,nvm
16,2.064608,nvm
18,1.849834,nvm
20,1.669631,nvm
2,12.892521,nvm
4,6.650108,nvm
6,4.369775,nvm
8,3.447926,nvm
10,2.847111,nvm
12,2.656735,nvm
14,2.272687,nvm
16,2.075935,nvm
18,1.866108,nvm
20,1.667307,nvm
2,12.694781,nvm
4,6.646395,nvm
6,4.369543,nvm
8,3.461371,nvm
10,2.785023,nvm
12,2.629976,nvm
14,2.273919,nvm
16,2.087147,nvm
18,1.814395,nvm
20,1.653870,nvm
