thread,exec_time,allocator
2,3.516273,mak
4,1.910992,mak
6,1.358445,mak
8,1.178216,mak
10,1.085119,mak
12,1.162628,mak
14,1.079271,mak
16,1.031727,mak
18,1.034665,mak
20,1.021900,mak
2,3.378726,mak
4,1.919727,mak
6,1.349823,mak
8,1.139744,mak
10,1.089027,mak
12,1.146346,mak
14,1.089198,mak
16,1.030018,mak
18,1.031193,mak
20,1.029556,mak
2,3.403358,mak
4,1.933051,mak
6,1.324518,mak
8,1.128919,mak
10,1.082215,mak
12,1.170280,mak
14,1.071836,mak
16,1.032116,mak
18,1.040353,mak
20,1.016929,mak
