thread,exec_time,allocator
2,3.299431,bx
4,1.859532,bx
6,1.296933,bx
8,0.979525,bx
10,0.820575,bx
12,0.869845,bx
14,0.728160,bx
16,0.650498,bx
18,0.576724,bx
20,0.541091,bx
2,3.365062,bx
4,1.987805,bx
6,1.235949,bx
8,1.005125,bx
10,0.790167,bx
12,0.859577,bx
14,0.764905,bx
16,0.641884,bx
18,0.588078,bx
20,0.532260,bx
2,3.583971,bx
4,1.878740,bx
6,1.299305,bx
8,1.042252,bx
10,0.807266,bx
12,0.852203,bx
14,0.740930,bx
16,,bx
18,0.584895,bx
20,0.530782,bx
